context,category
collaborated with,work
discussed project with,meetup
shared data with,material transfer
gave advice to,advice
participated in,meetup
lent lab space to,work
supplied,material transfer
provided advice to,advice
collaborated with,work
surveyed with,work
received help from,advice
participated in,meetup
collaborated with,work
worked on,work
received support from,advice
collaborated,work
challenged,other
uploaded vines to,material transfer
organized,other
gave advice to,advice
provided materials to,material transfer
collaborated,work
provided parts to,material transfer
collaborated with,work
helped,advice
participated in a meetup with,meetup
collaborated with,work
received help from,advice
distributed and collected surveys for,other
earned a silver Collaboration badge for their efforts with,other
provided plasmids to,material transfer
invited students from,meetup
shared plasmids with,material transfer
held meet-up with,meetup
provided hardware prototype to,material transfer
provided feedback on hardware to,advice
worked with,work
improved function of,work
characterized,work
debugged,work
modeled or simulated,work
tested,work
helped build and test,work
mentored,advice
worked on,work
participated in,meetup
received tour from,other
worked on collaboration platform with,work
co-authored report with,work
presented at,work
met and got to know,meetup
practiced for Giant Jamboree with,work
organized get-to-know-each-other activity for,other
skyped with,meetup
contacted,other
discussed modeling approaches with,work
collaborated,work
participated in survey,other
exchanged activities with,work
attended conference with,meetup
cooperated with,work
acknowledged,other
exchanged ideas with,work
provided inputs for,advice
invited,meetup
received support from,advice
shared experience with,meetup
had project seminar with,meetup
helped optimize and characterize,work
consulted with,advice
found part,material transfer
transformed cell with,work
helped,work
reviewed articles,work
consulted professors,advice
expressed interest in,other
shared reagents with,material transfer
purified,work
detected,work
recruited and brainstormed with,work
exchanged advice with,advice
provided suggestions to,advice
tested their software using,work
received help with biology from,advice
edited newsletter for,work
helped form wiki,work
co-organized event,work
co-presented,work
discussed ideas with,advice
established roots for future collaborations with,work
participated in event with,meetup
used equipment from,material transfer
thanked,advice
congratulated,advice
will see,meetup
shared useful links,material transfer
located in,other
represented,other
adapted from,other
visualized with,other
tested using,work
plated out on,work
provided replicates,material transfer
confirmed,work
received images from,material transfer
participated in InterLab Measurement Study,work
reported data to,material transfer
hosted,work
attended,meetup
participated in study,work
received questions and suggestions from,advice
received suggestions from,advice
received a question from,advice
received questions from,advice
provided opinion on usefulness of biobrick,advice
provided concerns about prototype and safety,advice
participated in surveys,work
collaborated with,work
received plasmids from,material transfer
shared project ideas with,advice
characterized GolS in vivo for,work
provided data for,material transfer
worked on a similar project with,work
provided access to,material transfer
contributed to,work
distributed survey for,material transfer
provided promoter for,material transfer
collaborated,work
assisted,work
helped,work
shared laboratory with,material transfer
received training with,work
shared cloning materials with,material transfer
had communication with,advice
mentored,advice
met,meetup
shared their project with,material transfer
communicated with,meetup
interviewed,work
created,work
hosted,meetup
contacted,meetup
obtained positive responses from,advice
discussed with,work
learned about,work
knows,work
benefits from,work
provided technical support for,work
held communication meetings with,work
received help from,advice
attended the 2016 Asia Pacific Conference with,meetup
has a Twitter account,other
has a Sina Weibo account,other
has a website,other
tested for,work
provided equipment for,material transfer
offered advice to,advice
algorithm from,other
sent structures and sequences,material transfer
participated in mini Jamboree,meetup
learned about project,advice
improved chemotaxis mechanism,work
used P. putida kt2440,work
used E. coli,work
used tripartite tricarboxylate transporter,work
used LC cutinase,work
used Terephthalic acid and ethylene glycol as ligands,work
designed improved receptors,work
expected bacterium to detect products,work
expected bacterium to migrate towards products,work
expected bacterium to expedite degradation rate of PET,work
attended newsletter held by,meetup
received purified EGF peptide from,material transfer
established IBD mice model and injected EGF solution,work
referred to related article and selected effective way to establish model,advice
weighed and measured mice,work
attributed to,other
used,work
achieved,other
received support from,advice
located at,meetup
trained with,work
had great communication with,work
based projects on same technology platform,work
co-organized event,work
provided,material transfer
tested app for,work
improved,work
tested software for,work
discussed survey responses with,work
gave feedback to,advice
supported,advice
provided suggestions to,advice
provided materials to,material transfer
assigned team member to help,work
offered help to,advice
presented projects to,meetup
provided highly pure Lcn2 protein to,material transfer
came up with idea for,other
attended,meetup
provided experiment protocols to,advice
participated in,work
affiliated with,other
competed for,work
won,other
kept a,other
used a,material transfer
followed a,other
worked as a,work
organized,other
visited,meetup
participated in conference,other
worked with,work
helped another team,advice
improved function of,work
characterized,work
debugged,work
exchanged materials with,material transfer
modeled or simulated,work
tested,work
built and tested,work
used technology from,material transfer
co-organized meetup,meetup
held meetup with,meetup
helped complete survey with,work
cooperated with,work
answered surveys from,other
connected on social media with,other
discussed,meetup
conducted experiment with,work
studied,work
worked on,work
observed,work
exchanged ideas with,work
gave advice to,advice
received advice from,advice
provided help,work
received support and supplement,work
provided support and supplement,advice
provided cells and advice,material transfer
received cells and advice,material transfer
helped build and test,work
provided lab access to,material transfer
provided PCR amplification for,work
provided reagents for digestion and joining of DNA to,material transfer
guided,advice
sent pBS1c3 parts and pGEX-KG expression vectors to,material transfer
tested expression system for,work
confirmed idea of theoretical inactivation with,work
received useful hints from,advice
provided feedback for,advice
provided descriptions for,material transfer
critiqued,advice
tagged,other
held presentations with,work
had a judge panel with,other
participated in campaign with,work
raised awareness for,other
received data analysis from,work
participated in Westminster UK iGEM meetup with,meetup
discussed issue of mutated DNA with,advice
built a closely cooperation relationship with,work
asked for help from,advice
learned from collaboration with,work
hopes to have more opportunities to contact,other
suggests that the headquarters establish a convenient platform for communication among,other
cherishes friendship with,other
worked on experiment design with,work
synthesized and shipped genes for,material transfer
worked on theoretical modeling with,work
enlightened,advice
contributed,work
helped with,work
provided reagents for,material transfer
supplied,material transfer
filled out surveys for,other
received experimental help from,work
collaborated,work
advised,advice
participated in festival,meetup
held exhibition booth with,work
ongoing support by,advice
contacted,communication with
troubleshooting for,work
communication with,work
needed council from,advice
troubleshooted with help from,work
collaborated with,work
visited,meetup
exchanged ideas with,work
planned cooperation with,work
thankful to,advice
participated in postal card exchange with,material transfer
supervisor,work
competitor,other
organized,work
bonded with,meetup
participated in,meetup
worked together with,work
enjoyed by,other
shared laughs with,meetup
hosted event with,meetup
replaced information for,material transfer
used event to gauge awareness and knowledge of,other
presented project,work
adopted advice from,advice
translated projects with,work
lab support,work
helped in analysis,work
difficult technique support,work
hardware support,work
wiki support,work
presentation coaching,work
human practice support,work
juristic advice,advice
published article,other
provided fieldwork opportunities,other
provided detailed information,material transfer
provided helpful advice,advice
gave SELF talk,other
provided sound recording outfit,material transfer
took photos,work
proofreaded,work
provided advice,advice
cooperation with,work
gratitude for,other
participated in online discussion,work
discussed with,meetup
invited,meetup
received feedback from,advice
provided reader,material transfer
shared laboratory,material transfer
gifted,material transfer
organized conference,work
assisted,work
helped,work
performed PCR for,work
did a positive control for,work
collected water samples,material transfer
analyzed,work
engineered bacteria,work
designed and tested,work
did market research and contacted with,work
immobilized bacteria,work
communicated,work
supported,advice
cooperated,work
provided feedback to,advice
attended meetup,meetup
improved skills with,work
shared information with,material transfer
organized Skype conference with,meetup
reached out to help,advice
gave advice on project design,advice
offered advice and critique on wiki,advice
gave feedback on presentation,work
connected with,meetup
communicated with,work
offered advice on wetlab issues,advice
shared suggestions on presentations,advice
shared project and applications,material transfer
learned about project,other
tested properties of,work
chose,work
added,work
compared efficiency and ability of,work
selected,work
expressed from,work
enabled,work
emitted,material transfer
quenched,material transfer
determined,work
used,material transfer
evaluated activities of,work
improved function of,work
characterized,work
debugged,work
modeled or simulated,work
tested,work
helped build and test,work
mentored,advice
gave informative talk to,advice
provided critique and feedback to,advice
discussed biosafety with,advice
discussed future and importance of biosafety with,advice
synthesized,work
assessed,work
incorporated,work
provided advice to,advice
integrated,work
addressed,work
required,work
detected,work
provided simulation for,material transfer
reached out to,meetup
asked for help,advice
gave suggestions and protocols to,advice
answered questionnaire from,other
received help from,advice
hosted webinars with,meetup
organized panel discussion with,work
partnered with,work
borrowed equipment from,material transfer
received assistance from,advice
mentored by,advice
conducted Biofair with,meetup
built system for,work
provided strains to,material transfer
exchanged resources with,material transfer
provided feedback to,advice
guided,advice
provided suggestions to,advice
tested parts with,work
combined,work
verified expression of,work
promoted project progress with help from,work
visited wiki of,other
participated in iGEM with,meetup
consulted,advice
exchanged parts with,material transfer
improved results with,work
verified function with,work
translated,material transfer
answered survey from,other
participated in discussion,meetup
discussed projects with,meetup
provided information to,material transfer
affiliated with,other
provided software,material transfer
shared experience with,meetup
discussed collaboration,work
provided tool,material transfer
collected responses,work
conducted survey,work
attended,meetup
received funding advice from,advice
received lecture from,advice
volunteered with,work
compared designs with,work
planning to apply patent with,other
received approval from,other
submitted data to,work
exchanged/imported/exported with,material transfer
received certificate from,other
assessed by,other
fulfilled requirements for,other
provided opinions and needs to,advice
helped with biological problems for,work
shared useful tricks and experience with,advice
helped with validation and characterization for,work
modeled and validated a metabolism pathway for,work
shared projects and ideas with,meetup
helped design,work
synthesized and tested,work
provided antibodies,material transfer
filled out survey,other
received training from,work
offered poster board space to,material transfer
guided by,advice
located at,other
sponsored by,other
contacted by,other
followed by,other
hosted education with,work
presented to,work
offered biobricks to,material transfer
provided tips to,advice
provided preview of model handbook to,other
helped with modeling,work
spread surveys for,other
organized skype call with,meetup
helped with interactive map for,work
provided information about synthetic biology to,advice
provided information about French regulation to,advice
helped with Human project for GMO regulation in Mexico for,work
provided information about climate disorder and winemakers to,advice
helped build part for,work
helped check,work
validated design with,work
collaborated,work
completed surveys for,other
collaborated with,work
worked with,work
helped another team,advice
improved function of,work
characterized,work
debugged,work
modeled or simulated,work
tested,work
provided feedback to,advice
built and tested,work
mentored,advice
participated in,meetup
sponsored by,other
student leader,work
wet lab leader,work
dry lab leader,work
human practices leader,work
contacted by,advice
exchanged ideas with,work
shared experience with,meetup
received help from,advice
instructed by,work
contributed knowledge to,work
tested devices for,work
cultivated cells in incubator used by,work
cooperated with,work
provided guidance and verification for,advice
performed statistical analysis on,work
helped design experiment,work
hosted,meetup
met up with,meetup
offered assistance to,advice
helped overhaul methods for,work
introduced,other
gave advice to,advice
Austin_UTexas and Texas Tech,other
provided feedback for,advice
expanded on,work
provided materials to,material transfer
conducted,work
created,work
compared data with,work
replaced,material transfer
asked,advice
wanted to hear about,meetup
interacted with,work
learned from,work
communicated with,work
advised,advice
provided feedback to,advice
participated in,meetup
formed close connection with,meetup
offered help and advice to,advice
learned novel ideas from,other
contributed to the improvement of,work
shared similar idea with,other
shared outcomes,work
received support from,advice
contacted,other
chose to work on,work
received education and technical support from,advice
visited and taught,meetup
supported,advice
helped organize,work
provided primers to test,material transfer
validated,work
substituted residues,work
visited,meetup
shared ideas with,work
received advice and motivation from,advice
appreciates,other
participated in iGEM for years,other
needed shuttle plasmid from,material transfer
gave suggestions to,advice
gave advice on modeling to,advice
participated in collaboration project with,work
collaboration project with,work
participated in Interlab study organized by,work
organized Interlab study for,work
participated in instagram challenge organized by,work
organized instagram challenge for,work
revamped,work
translated,material transfer
distributed,material transfer
mentoring cooperation,work
participated in German Meetup,meetup
participated in European Meetup,meetup
collaborated on InterLab Study,work
received support for track selection,advice
received support for sponsoring outreach,advice
received support for wiki design,advice
met,meetup
kept in touch with,other
delivered presentation at,work
exchanged ideas with,work
had fun at,other
received feedback from,advice
received ideas from,advice
located at,other
translated text for,material transfer
implanted Easter egg in video for,other
provided assistance to,advice
thanked,other
discussed,work
shared materials and equipment with,material transfer
helped with parts standardization for,work
attended,meetup
attended conference,meetup
reached out to,other
invited,other
published article on,other
attributed to,other
helped design,work
contributed to,work
produced,work
reminded,advice
suggested,advice
collaboration with,work
organized meetup,meetup
participated in meetup,meetup
presented project at meetup,meetup
attended lectures with,meetup
hosted meetup for,meetup
improved presentation with help from,advice
improved wiki with help from,advice
created parody video with,work
invited to participate in parody video by,advice
participated in parody video with,work
attended Wiki Workshop with,meetup
discussed with,work
borrowed lab from,material transfer
provided LB agars to,material transfer
provided competent cells to,material transfer
taught lab techniques to,work
discussed collaboration with,work
shared project ideas with,work
provided copper absorbing device to,material transfer
received project suggestions from,advice
cancelled modelling teaching with,other
organized mini Jamboree for,meetup
improved poster and presentation with help from,work
collaborated with other Dutch teams,work
worked on project with help from,advice
presented at,meetup
presented to,meetup
received suggestions from,advice
wishes to hold,other
shared interest,other
helped distribute,material transfer
created guide with,work
co-organized event,work
shared love for memes,other
met before Jamboree with,meetup
relaxed during competition with,other
participated in conference,other
received advice from,advice
won award at,other
benefited from lecture by,other
received advice on project from,advice
collaborated on project with,work
participated in safety poetry contest with,other
translated booklet for,material transfer
exchanged postcards with,meetup
shared information,material transfer
arranged Skype meeting,meetup
participated in beach cleanup,work
inspired by integrated practices,other
participated in surveys,work
provided knowledge to,advice
gifted,material transfer
provided advice to,advice
provided suggestions to,advice
lent equipment to,material transfer
gave suggestions on parts section to,advice
held lecture for,work
guided,work
instructed,work
gave suggestions on wiki text to,advice
provided substrates to,material transfer
assisted materials to,material transfer
exchanged data with,material transfer
presented with,work
judged by,other
had dinner with,meetup
went to bar with,meetup
provided strain,material transfer
requested interlab study,work
discussed research with,advice
debated with,other
held a debate with,other
provided venue for,other
engaged in a debate with,other
received comments from,advice
discussed environmental ethics with,other
shared research ideas with,work
participated in a scientific competition with,meetup
raised suggestions to,advice
debated on synthetic biology with,other
discussed environmental improvement with,other
discussed potential harm of synthetic biology with,other
discussed the use of synthetic biology in extreme climates with,other
discussed the potential misuse of synthetic biology with,other
won competition,other
skyped with,meetup
invited to subscribe to,other
translated for,other
exchanged knowledge with,work
attended panel discussion with,meetup
consulted with,advice
